{"RPT":{"ScanTime":"0.00 sec.","ScanFile":"helphub_20180522_291e99b025c659886763_20190114151839_scan.json","Warnings":1,"Success":5},"SRV":{"PHP":{"websrv":true,"openbase":true,"maxtime":true,"mysqli":true,"version":true,"ALL":"Good"},"WP":{"version":true,"core":true,"ismu":false,"ALL":"Good"}},"ARC":{"Size":"0B","DirCount":"0","FileCount":"0","FullCount":"0","FilterDirsAll":["\/usr\/share\/nginx\/html\/helphub\/public_html\/wp-content\/ai1wm-backups","\/usr\/share\/nginx\/html\/helphub\/public_html\/wp-content\/backups-dup-pro","\/usr\/share\/nginx\/html\/helphub\/public_html\/wp-content\/backupwordpress","\/usr\/share\/nginx\/html\/helphub\/public_html\/wp-content\/cache","\/usr\/share\/nginx\/html\/helphub\/public_html\/wp-content\/content\/cache","\/usr\/share\/nginx\/html\/helphub\/public_html\/wp-content\/contents\/cache","\/usr\/share\/nginx\/html\/helphub\/public_html\/wp-content\/infinitewp\/backups","\/usr\/share\/nginx\/html\/helphub\/public_html\/wp-content\/managewp\/backups","\/usr\/share\/nginx\/html\/helphub\/public_html\/wp-content\/old-cache","\/usr\/share\/nginx\/html\/helphub\/public_html\/wp-content\/plugins\/all-in-one-wp-migration\/storage","\/usr\/share\/nginx\/html\/helphub\/public_html\/wp-content\/updraft","\/usr\/share\/nginx\/html\/helphub\/public_html\/wp-content\/uploads\/aiowps_backups","\/usr\/share\/nginx\/html\/helphub\/public_html\/wp-content\/uploads\/backupbuddy_backups","\/usr\/share\/nginx\/html\/helphub\/public_html\/wp-content\/uploads\/backupbuddy_temp","\/usr\/share\/nginx\/html\/helphub\/public_html\/wp-content\/uploads\/ithemes-security\/backups","\/usr\/share\/nginx\/html\/helphub\/public_html\/wp-content\/uploads\/mainwp\/backup","\/usr\/share\/nginx\/html\/helphub\/public_html\/wp-content\/uploads\/pb_backupbuddy","\/usr\/share\/nginx\/html\/helphub\/public_html\/wp-content\/uploads\/snapshots","\/usr\/share\/nginx\/html\/helphub\/public_html\/wp-content\/uploads\/sucuri","\/usr\/share\/nginx\/html\/helphub\/public_html\/wp-content\/uploads\/wp-clone","\/usr\/share\/nginx\/html\/helphub\/public_html\/wp-content\/uploads\/wp_all_backup","\/usr\/share\/nginx\/html\/helphub\/public_html\/wp-content\/uploads\/wpbackitup_backups","\/usr\/share\/nginx\/html\/helphub\/public_html\/wp-content\/wfcache","\/usr\/share\/nginx\/html\/helphub\/public_html\/wp-content\/wishlist-backup","\/usr\/share\/nginx\/html\/helphub\/public_html\/wp-snapshots"],"FilterFilesAll":["error_log","error.log","debug_log","ws_ftp.log","dbcache","pgcache","objectcache",".DS_Store","\/usr\/share\/nginx\/html\/helphub\/public_html\/.htaccess","\/usr\/share\/nginx\/html\/helphub\/public_html\/web.config","\/usr\/share\/nginx\/html\/helphub\/public_html\/wp-config.php"],"FilterExtsAll":[],"FilterInfo":{"Dirs":{"Warning":[],"Unreadable":[],"Core":["\/usr\/share\/nginx\/html\/helphub\/public_html\/wp-snapshots","\/usr\/share\/nginx\/html\/helphub\/public_html\/wp-content\/backups-dup-pro","\/usr\/share\/nginx\/html\/helphub\/public_html\/wp-content\/ai1wm-backups","\/usr\/share\/nginx\/html\/helphub\/public_html\/wp-content\/backupwordpress","\/usr\/share\/nginx\/html\/helphub\/public_html\/wp-content\/content\/cache","\/usr\/share\/nginx\/html\/helphub\/public_html\/wp-content\/contents\/cache","\/usr\/share\/nginx\/html\/helphub\/public_html\/wp-content\/infinitewp\/backups","\/usr\/share\/nginx\/html\/helphub\/public_html\/wp-content\/managewp\/backups","\/usr\/share\/nginx\/html\/helphub\/public_html\/wp-content\/old-cache","\/usr\/share\/nginx\/html\/helphub\/public_html\/wp-content\/plugins\/all-in-one-wp-migration\/storage","\/usr\/share\/nginx\/html\/helphub\/public_html\/wp-content\/updraft","\/usr\/share\/nginx\/html\/helphub\/public_html\/wp-content\/wishlist-backup","\/usr\/share\/nginx\/html\/helphub\/public_html\/wp-content\/wfcache","\/usr\/share\/nginx\/html\/helphub\/public_html\/wp-content\/cache","\/usr\/share\/nginx\/html\/helphub\/public_html\/wp-content\/uploads\/aiowps_backups","\/usr\/share\/nginx\/html\/helphub\/public_html\/wp-content\/uploads\/backupbuddy_temp","\/usr\/share\/nginx\/html\/helphub\/public_html\/wp-content\/uploads\/backupbuddy_backups","\/usr\/share\/nginx\/html\/helphub\/public_html\/wp-content\/uploads\/ithemes-security\/backups","\/usr\/share\/nginx\/html\/helphub\/public_html\/wp-content\/uploads\/mainwp\/backup","\/usr\/share\/nginx\/html\/helphub\/public_html\/wp-content\/uploads\/pb_backupbuddy","\/usr\/share\/nginx\/html\/helphub\/public_html\/wp-content\/uploads\/snapshots","\/usr\/share\/nginx\/html\/helphub\/public_html\/wp-content\/uploads\/sucuri","\/usr\/share\/nginx\/html\/helphub\/public_html\/wp-content\/uploads\/wp-clone","\/usr\/share\/nginx\/html\/helphub\/public_html\/wp-content\/uploads\/wp_all_backup","\/usr\/share\/nginx\/html\/helphub\/public_html\/wp-content\/uploads\/wpbackitup_backups"],"Global":[],"Instance":[]},"Files":{"Size":[],"Warning":[],"Unreadable":[],"Core":[],"Global":["error_log","error.log","debug_log","ws_ftp.log","dbcache","pgcache","objectcache",".DS_Store"],"Instance":[]},"Exts":{"Core":[],"Global":[],"Instance":[]},"UDirCount":0,"UFileCount":0,"UExtCount":0,"TreeSize":[],"TreeWarning":[]},"RecursiveLinks":[],"UnreadableItems":[],"Status":{"Size":"Good","Names":"Good","UnreadableItems":"Good","AddonSites":"Good"},"Dirs":[],"Files":[]},"DB":{"Status":{"Success":true,"DB_Case":"Good","DB_Rows":"Good","DB_Size":"Warn","TBL_Case":"Good","TBL_Rows":"Good","TBL_Size":"Warn"},"Size":"87.78MB","Rows":"114,456","TableCount":16,"TableList":{"hh_commentmeta":{"Case":0,"Rows":"0","Size":"48KB","USize":49152},"hh_comments":{"Case":0,"Rows":"37","Size":"96KB","USize":98304},"hh_duplicator_packages":{"Case":0,"Rows":"7","Size":"80KB","USize":81920},"hh_links":{"Case":0,"Rows":"0","Size":"32KB","USize":32768},"hh_options":{"Case":0,"Rows":"363","Size":"2.06MB","USize":2162688},"hh_postmeta":{"Case":0,"Rows":"4,506","Size":"1.88MB","USize":1966080},"hh_posts":{"Case":0,"Rows":"2,622","Size":"64.97MB","USize":68124672},"hh_term_relationships":{"Case":0,"Rows":"1,082","Size":"112KB","USize":114688},"hh_term_taxonomy":{"Case":0,"Rows":"112","Size":"48KB","USize":49152},"hh_termmeta":{"Case":0,"Rows":"0","Size":"48KB","USize":49152},"hh_terms":{"Case":0,"Rows":"111","Size":"48KB","USize":49152},"hh_usermeta":{"Case":0,"Rows":"1,712","Size":"352KB","USize":360448},"hh_users":{"Case":0,"Rows":"92","Size":"64KB","USize":65536},"hh_wsal_metadata":{"Case":0,"Rows":"87,652","Size":"13.03MB","USize":13664256},"hh_wsal_occurrences":{"Case":0,"Rows":"16,130","Size":"2.92MB","USize":3063808},"hh_wsal_options":{"Case":0,"Rows":"30","Size":"2.02MB","USize":2113536}},"RawSize":92045312},"LL":{"TotalSize":"87.78MB","Status":{"TotalSize":"Good"}}}